dataset,method,budget,f1,coverage
assets,EC2,0,0.7733333333333333,0.0375
assets,EC2,1,0.810344827586207,0.2801724137931034
assets,EC2,2,0.8825910931174089,0.5193965517241379
assets,EC2,3,0.891566265060241,0.7504310344827586
assets,EC2,4,1.0,1.0
assets,PAIRS,0,0.7733333333333333,0.0375
assets,PAIRS,1,0.810344827586207,0.27155172413793105
assets,PAIRS,2,0.8641975308641976,0.5103448275862069
assets,PAIRS,3,0.878048780487805,0.75
assets,PAIRS,4,1.0,1.0
assets,RQDP,0,0.7733333333333333,0.0375
assets,RQDP,1,0.7787610619469026,0.2775862068965517
assets,RQDP,2,0.7841409691629956,0.5163793103448275
assets,RQDP,3,0.7894736842105263,0.75
assets,RQDP,4,1.0,1.0
assets,RQDP-A,0,0.7733333333333333,0.0375
assets,RQDP-A,1,0.7787610619469026,0.2775862068965517
assets,RQDP-A,2,0.7841409691629956,0.5163793103448275
assets,RQDP-A,3,0.7894736842105263,0.75
assets,RQDP-A,4,1.0,1.0
beers,EC2,0,0.5458953931416696,0.37431129476584024
beers,EC2,1,0.7294188861985471,0.5347796143250688
beers,EC2,2,0.8678532901833872,0.709538567493113
beers,EC2,3,0.9353284301293431,0.8424586776859504
beers,EC2,4,1.0,1.0
beers,PAIRS,0,0.5458953931416696,0.37431129476584024
beers,PAIRS,1,0.7294188861985471,0.5347796143250688
beers,PAIRS,2,0.8678532901833872,0.709538567493113
beers,PAIRS,3,0.9353284301293431,0.8424586776859504
beers,PAIRS,4,1.0,1.0
beers,RQDP,0,0.5458953931416696,0.37431129476584024
beers,RQDP,1,0.6090125911199471,0.4855371900826446
beers,RQDP,2,0.6873045653533458,0.6213842975206612
beers,RQDP,3,0.7594562647754136,0.7673898071625345
beers,RQDP,4,1.0,1.0
beers,RQDP-A,0,0.5458953931416696,0.37431129476584024
beers,RQDP-A,1,0.7278787878787878,0.5340909090909091
beers,RQDP-A,2,0.8681585332973848,0.7078168044077136
beers,RQDP-A,3,0.9452261306532663,0.8572658402203857
beers,RQDP-A,4,1.0,1.0
flights,EC2,0,0.13043478260869565,0.375
flights,EC2,1,0.7352941176470588,0.60625
flights,EC2,2,0.9113924050632911,0.725
flights,EC2,3,0.963855421686747,0.825
flights,EC2,4,1.0,1.0
flights,PAIRS,0,0.13043478260869565,0.375
flights,PAIRS,1,0.7352941176470588,0.6
flights,PAIRS,2,0.8831168831168831,0.70625
flights,PAIRS,3,0.963855421686747,0.81875
flights,PAIRS,4,1.0,1.0
flights,RQDP,0,0.13043478260869565,0.375
flights,RQDP,1,0.24489795918367346,0.45
flights,RQDP,2,0.6129032258064516,0.625
flights,RQDP,3,0.8055555555555556,0.8
flights,RQDP,4,1.0,1.0
flights,RQDP-A,0,0.13043478260869565,0.375
flights,RQDP-A,1,0.5901639344262295,0.525
flights,RQDP-A,2,0.7714285714285715,0.675
flights,RQDP-A,3,0.8831168831168831,0.81875
flights,RQDP-A,4,1.0,1.0
hospital,EC2,0,0.0,0.0
hospital,EC2,1,0.513550135501355,0.3458333333333333
hospital,EC2,2,0.8043596730245232,0.6479166666666667
hospital,EC2,3,0.8935955622793746,0.8016666666666666
hospital,EC2,4,1.0,1.0
hospital,PAIRS,0,0.0,0.0
hospital,PAIRS,1,0.4215827338129496,0.28625
hospital,PAIRS,2,0.6703030303030303,0.5395833333333333
hospital,PAIRS,3,0.8857287963433215,0.7883333333333333
hospital,PAIRS,4,1.0,1.0
hospital,RQDP,0,0.0,0.0
hospital,RQDP,1,0.23916532905296953,0.25
hospital,RQDP,2,0.5353805073431241,0.50125
hospital,RQDP,3,0.8017476788640088,0.75875
hospital,RQDP,4,1.0,1.0
hospital,RQDP-A,0,0.0,0.0
hospital,RQDP-A,1,0.32134659525631215,0.27541666666666664
hospital,RQDP-A,2,0.5613114754098361,0.5129166666666667
hospital,RQDP-A,3,0.7984665936473165,0.7570833333333333
hospital,RQDP-A,4,1.0,1.0
assets,RBG,0,0.7733333333333333,0.0375
assets,RBG,1,0.7787610619469026,0.2771551724137931
assets,RBG,2,0.7841409691629956,0.5168103448275863
assets,RBG,3,0.7894736842105263,0.75
assets,RBG,4,1.0,1.0
beers,RBG,0,0.5458953931416696,0.37431129476584024
beers,RBG,1,0.7278787878787878,0.5340909090909091
beers,RBG,2,0.8077250781028117,0.6768250688705234
beers,RBG,3,0.8542576419213974,0.765668044077135
beers,RBG,4,1.0,1.0
flights,RBG,0,0.13043478260869565,0.375
flights,RBG,1,0.7164179104477612,0.6
flights,RBG,2,0.8974358974358974,0.725
flights,RBG,3,0.9249999999999999,0.775
flights,RBG,4,1.0,1.0
hospital,RBG,0,0.0,0.0
hospital,RBG,1,0.23916532905296953,0.25
hospital,RBG,2,0.5353805073431241,0.50125
hospital,RBG,3,0.8017476788640088,0.75875
hospital,RBG,4,1.0,1.0
