dataset,method,workloads,f1_cost_auc,mean_reference_cost,mean_worst_cost
assets,EC2,1160,0.8394588797742976,2.5948275862068964,4.0
assets,PAIRS,1160,0.8314811180678857,2.627586206896552,4.0
assets,RQDP,1160,0.7814272621634395,2.578448275862069,4.0
assets,RQDP-A,1160,0.7814272621634395,2.578448275862069,4.0
beers,EC2,1936,0.7696239999132367,2.822830578512397,4.0
beers,PAIRS,1936,0.7696239999132367,2.822830578512397,4.0
beers,RQDP,1936,0.650417203597594,2.977789256198347,4.0
beers,RQDP-A,1936,0.7717897112427772,2.7980371900826446,4.0
flights,EC2,80,0.6852441817514481,2.2125,3.075
flights,PAIRS,80,0.6781753012648462,2.275,3.075
flights,RQDP,80,0.4484478807885941,2.375,3.075
flights,RQDP-A,80,0.593786042895095,2.3125,3.075
hospital,EC2,800,0.5528763427013133,3.16375,4.0
hospital,PAIRS,800,0.49440364011482535,3.46,4.0
hospital,RQDP,800,0.39407337881502563,3.38125,4.0
hospital,RQDP-A,800,0.4202811660783662,3.3775,4.0
assets,RBG,1160,0.7814272621634395,2.5775862068965516,4.0
beers,RBG,1936,0.7339392252611666,2.946797520661157,4.0
flights,RBG,80,0.6673221476230885,2.3125,3.1875
hospital,RBG,800,0.39407337881502563,3.38125,4.0
