dataset,method,cost_fraction,f1
flights,ec2,0.0,0.13043478260869565
flights,ec2,0.25,0.7352941176470588
flights,ec2,0.5,0.9113924050632911
flights,ec2,0.75,0.963855421686747
flights,ec2,1.0,1.0
flights,pairs,0.0,0.13043478260869565
flights,pairs,0.25,0.7352941176470588
flights,pairs,0.5,0.8831168831168831
flights,pairs,0.75,0.963855421686747
flights,pairs,1.0,1.0
flights,rqdp,0.0,0.13043478260869565
flights,rqdp,0.25,0.24489795918367346
flights,rqdp,0.5,0.6129032258064516
flights,rqdp,0.75,0.8055555555555556
flights,rqdp,1.0,1.0
flights,rqdp_anytime,0.0,0.13043478260869565
flights,rqdp_anytime,0.25,0.5901639344262295
flights,rqdp_anytime,0.5,0.7714285714285715
flights,rqdp_anytime,0.75,0.8831168831168831
flights,rqdp_anytime,1.0,1.0
assets,ec2,0.0,0.7733333333333333
assets,ec2,0.25,0.810344827586207
assets,ec2,0.5,0.8825910931174089
assets,ec2,0.75,0.891566265060241
assets,ec2,1.0,1.0
assets,pairs,0.0,0.7733333333333333
assets,pairs,0.25,0.810344827586207
assets,pairs,0.5,0.8641975308641976
assets,pairs,0.75,0.878048780487805
assets,pairs,1.0,1.0
assets,rqdp,0.0,0.7733333333333333
assets,rqdp,0.25,0.7787610619469026
assets,rqdp,0.5,0.7841409691629956
assets,rqdp,0.75,0.7894736842105263
assets,rqdp,1.0,1.0
assets,rqdp_anytime,0.0,0.7733333333333333
assets,rqdp_anytime,0.25,0.7787610619469026
assets,rqdp_anytime,0.5,0.7841409691629956
assets,rqdp_anytime,0.75,0.7894736842105263
assets,rqdp_anytime,1.0,1.0
hospital,ec2,0.0,0.0
hospital,ec2,0.25,0.513550135501355
hospital,ec2,0.5,0.8043596730245232
hospital,ec2,0.75,0.8935955622793746
hospital,ec2,1.0,1.0
hospital,pairs,0.0,0.0
hospital,pairs,0.25,0.4215827338129496
hospital,pairs,0.5,0.6703030303030303
hospital,pairs,0.75,0.8857287963433215
hospital,pairs,1.0,1.0
hospital,rqdp,0.0,0.0
hospital,rqdp,0.25,0.23916532905296953
hospital,rqdp,0.5,0.5353805073431241
hospital,rqdp,0.75,0.8017476788640088
hospital,rqdp,1.0,1.0
hospital,rqdp_anytime,0.0,0.0
hospital,rqdp_anytime,0.25,0.32134659525631215
hospital,rqdp_anytime,0.5,0.5613114754098361
hospital,rqdp_anytime,0.75,0.7984665936473165
hospital,rqdp_anytime,1.0,1.0
beers,ec2,0.0,0.5458953931416696
beers,ec2,0.25,0.7294188861985471
beers,ec2,0.5,0.8678532901833872
beers,ec2,0.75,0.9353284301293431
beers,ec2,1.0,1.0
beers,pairs,0.0,0.5458953931416696
beers,pairs,0.25,0.7294188861985471
beers,pairs,0.5,0.8678532901833872
beers,pairs,0.75,0.9353284301293431
beers,pairs,1.0,1.0
beers,rqdp,0.0,0.5458953931416696
beers,rqdp,0.25,0.6090125911199471
beers,rqdp,0.5,0.6873045653533458
beers,rqdp,0.75,0.7594562647754136
beers,rqdp,1.0,1.0
beers,rqdp_anytime,0.0,0.5458953931416696
beers,rqdp_anytime,0.25,0.7278787878787878
beers,rqdp_anytime,0.5,0.8681585332973848
beers,rqdp_anytime,0.75,0.9452261306532663
beers,rqdp_anytime,1.0,1.0
