method,size,median_ms_across_datasets,mean_completion_rate
static,4,0.8942972053773701,1.0
static,8,7.961990486364812,1.0
static,16,153.354360954836,1.0
static,32,2808.6368762305938,0.58
residual,4,1.11753202509135,1.0
residual,8,4.8894586507231,1.0
residual,16,37.65310801099986,1.0
residual,32,1355.6351874722168,0.81
rqdp,4,0.9613825241103768,1.0
rqdp,8,3.3775129704736173,1.0
rqdp,16,10.50663465866819,1.0
rqdp,32,120.94947032164782,0.84
rqdp_anytime,4,1.3786251074634492,1.0
rqdp_anytime,8,4.073612275533378,1.0
rqdp_anytime,16,15.573546756058931,0.985
rqdp_anytime,32,118.78476000856608,0.75
