dataset,method,median_ms,median_states,tasks
flights,identity,42.92553954292089,527.5,10
flights,static,9.851846843957901,166.5,10
flights,residual,6.824321928434074,61.5,10
flights,rqdp,4.610442440025508,57.0,10
assets,identity,26.315168011933565,255,145
assets,static,0.4199149552732706,8,145
assets,residual,0.642669852823019,8,145
assets,rqdp,0.5835611373186111,8,145
hospital,identity,58.97451692726463,299.0,100
hospital,static,9.709125966764987,77.0,100
hospital,residual,17.13479298632592,78.0,100
hospital,rqdp,14.5333600230515,74.0,100
beers,identity,57.920314953662455,349.0,242
beers,static,6.214855005964637,47.0,242
beers,residual,2.9545953730121255,26.0,242
beers,rqdp,2.1445835009217262,26.0,242
