panel,size,retired_dimensions,cost_regime,median_speedup,censored_fraction,runs
heatmap,16,0,U,0.9840627804120547,0.0,30
heatmap,16,1,U,10.00177778520833,0.0,30
heatmap,16,2,U,189.8361204085435,0.0,30
heatmap,16,3,U,3152.012464560734,0.6666666666666666,30
heatmap,24,0,U,1.1201864800239876,0.0,30
heatmap,24,1,U,20.887956219743472,0.0,30
heatmap,24,2,U,513.994836642243,0.0,30
heatmap,24,3,U,2859.8559281309463,1.0,30
heatmap,32,0,U,1.107118445462166,0.0,30
heatmap,32,1,U,26.129797763796855,0.0,30
heatmap,32,2,U,1262.7271254702782,0.3,30
heatmap,32,3,U,2360.786932749861,1.0,30
heatmap,48,0,U,1.3666043492933198,0.0,30
heatmap,48,1,U,43.171856194996224,0.0,30
heatmap,48,2,U,1818.3159600536628,0.9,30
heatmap,48,3,U,2605.79548688498,1.0,30
cost_regime,,0,H,1.0968705578120939,0.0,120
cost_regime,,0,U,1.107118445462166,0.0,120
cost_regime,,1,H,2.195808756611933,0.0,120
cost_regime,,1,U,19.02306321433413,0.0,120
cost_regime,,2,H,14.644166000520807,0.2833333333333333,120
cost_regime,,2,U,832.0814006162185,0.3,120
cost_regime,,3,H,72.96499929398345,0.9166666666666666,120
cost_regime,,3,U,2737.3316017307898,0.9166666666666666,120
