dataset,method,f1_cost_area,coverage_cost_area,mean_reference_cost
assets,ec2,0.8394588797742976,0.396875,2.5948275862068964
assets,pairs,0.8314811180678857,0.3923491379310345,2.627586206896552
assets,rqdp,0.7814272621634395,0.3953663793103448,2.578448275862069
assets,rqdp_anytime,0.7814272621634395,0.3953663793103448,2.578448275862069
beers,ec2,0.7696239999132367,0.6152720385674931,2.822830578512397
beers,pairs,0.7696239999132367,0.6152720385674931,2.822830578512397
beers,rqdp,0.650417203597594,0.5621556473829201,2.977789256198347
beers,rqdp_anytime,0.7717897112427772,0.6183712121212122,2.7980371900826446
flights,ec2,0.6852441817514481,0.6328125,2.2125
flights,pairs,0.6781753012648462,0.625,2.275
flights,rqdp,0.4484478807885941,0.5625,2.375
flights,rqdp_anytime,0.593786042895095,0.5984375,2.3125
hospital,ec2,0.5528763427013133,0.44885416666666667,3.16375
hospital,pairs,0.49440364011482535,0.4035416666666667,3.46
hospital,rqdp,0.39407337881502563,0.3775,3.38125
hospital,rqdp_anytime,0.4202811660783662,0.38635416666666667,3.3775
