dataset,kind,group,remainder,radius,cost_regime,time_speedup,state_reduction
assets,equipment,0,1,1,U,117.4647782713656,31.875
assets,equipment,1,1,1,U,85.2553116217393,31.875
assets,equipment,2,1,1,U,81.58347475336306,31.875
assets,equipment,3,1,1,U,94.43030771075085,31.875
assets,equipment,4,1,1,U,54.82945832971626,31.875
assets,equipment,5,1,1,U,99.25613074033473,31.875
assets,equipment,6,1,1,U,73.59366744780826,34.375
assets,equipment,7,1,1,U,30.74029222900301,34.375
assets,equipment,8,1,1,U,20.774257722484965,31.875
assets,equipment,9,1,1,U,9.317057470907264,17.0
assets,equipment,10,1,1,U,18.835708476711762,12.75
assets,equipment,11,1,1,U,66.34136923696265,31.875
assets,equipment,12,1,1,U,47.48100917348175,31.875
assets,equipment,13,1,1,U,37.41216982068142,31.875
assets,equipment,14,1,1,U,94.61221096330685,31.875
assets,equipment,15,1,1,U,40.42541787556175,31.875
assets,equipment,16,1,1,U,19.25199138750237,8.764705882352942
assets,equipment,17,1,1,U,33.2207743784798,31.875
assets,equipment,18,1,1,U,50.552373818124316,31.875
assets,equipment,19,1,1,U,78.410220393161,38.125
assets,equipment,20,1,1,U,19.686736959608954,17.0
assets,equipment,21,1,1,U,37.43156371950217,31.875
assets,equipment,22,1,1,U,21.819331063823327,17.0
assets,equipment,23,1,1,U,38.840292254441714,31.875
assets,equipment,24,1,1,U,12.243241206005948,10.192307692307692
assets,equipment,25,1,1,U,45.254500000498865,31.875
assets,equipment,26,1,1,U,23.166600484435506,31.875
assets,equipment,27,1,1,U,57.41011231348141,17.0
assets,equipment,28,1,1,U,34.00462993290718,31.875
assets,equipment,29,1,1,U,42.78882170085571,31.875
assets,furniture,0,0,1,U,42.149362121124184,31.875
assets,furniture,1,0,1,U,42.81934967628394,31.875
assets,furniture,2,0,1,U,28.791611816201037,31.875
assets,furniture,3,0,1,U,45.942763076827724,31.875
assets,furniture,4,0,1,U,12.896539864902964,12.75
assets,furniture,5,0,1,U,43.64296782040773,17.0
assets,furniture,6,0,1,U,22.296541554023523,31.875
assets,furniture,7,0,1,U,52.42096186059166,31.875
assets,furniture,8,0,1,U,44.542126090234575,31.875
assets,furniture,9,0,1,U,47.961028537370844,31.875
assets,furniture,10,0,1,U,45.78223266282941,31.875
assets,furniture,11,0,1,U,52.69545185399309,31.875
assets,furniture,12,0,1,U,54.187545420955125,31.875
assets,furniture,13,0,1,U,38.874580757993314,31.875
assets,furniture,14,0,1,U,40.396133923523024,31.875
assets,furniture,15,0,1,U,27.292897893870375,31.875
assets,furniture,16,0,1,U,10.578603576251481,17.0
assets,furniture,17,0,1,U,69.77028683131823,31.875
assets,furniture,18,0,1,U,30.610105775700116,12.75
assets,furniture,19,0,1,U,44.021887270768005,31.875
assets,furniture,20,0,1,U,53.23598853484074,31.875
assets,furniture,21,0,1,U,68.72612877161485,31.875
assets,furniture,22,0,1,U,89.4025164849138,31.875
assets,furniture,23,0,1,U,80.68320135667116,34.375
assets,furniture,24,0,1,U,64.20342668371737,31.875
assets,furniture,25,0,1,U,40.873289655241535,31.875
assets,furniture,26,0,1,U,25.246389593817575,31.875
assets,furniture,27,0,1,U,87.7764188322574,31.875
assets,furniture,28,0,1,U,42.61040319717906,31.875
assets,furniture,29,0,1,U,35.15563699208323,31.875
assets,furniture,30,0,1,U,23.495644536972666,31.875
assets,furniture,31,0,1,U,91.9169687498285,31.875
assets,furniture,32,0,1,U,40.62202811820173,31.875
assets,furniture,33,0,1,U,48.687846953302504,31.875
assets,furniture,34,0,1,U,22.21363780443254,31.875
assets,furniture,35,0,1,U,59.947048972124364,31.875
assets,furniture,36,0,1,U,44.35797716916492,31.875
assets,furniture,37,0,1,U,56.67406831168693,31.875
assets,furniture,38,0,1,U,34.706090599604956,31.875
assets,furniture,39,0,1,U,47.150706145734404,31.875
assets,furniture,40,0,1,U,56.337510648618725,31.875
assets,furniture,41,0,1,U,90.88045887654363,31.875
assets,furniture,42,0,1,U,21.124815715861363,31.875
assets,furniture,43,0,1,U,64.15574556863591,31.875
assets,furniture,44,0,1,U,57.622118592814296,34.375
assets,furniture,45,0,1,U,45.22558192036217,31.875
assets,furniture,46,0,1,U,40.515078698272234,31.875
assets,furniture,47,0,1,U,21.239811226900617,31.875
assets,furniture,48,0,1,U,22.71061097337029,31.875
assets,furniture,49,0,1,U,72.98914508791418,31.875
assets,furniture,50,0,1,U,32.23564857382076,31.875
assets,furniture,51,0,1,U,38.943964136261584,31.875
assets,furniture,52,0,1,U,56.02283817654807,31.875
assets,furniture,53,0,1,U,10.434356796546254,12.75
assets,furniture,54,0,1,U,21.694024993285066,31.875
assets,furniture,55,0,1,U,83.47972852421141,31.875
assets,furniture,56,0,1,U,21.26459289600411,31.875
assets,furniture,57,0,1,U,46.110812868542396,31.875
assets,furniture,58,0,1,U,46.18958080158489,31.875
assets,furniture,59,0,1,U,49.13377457645669,31.875
assets,furniture,60,0,1,U,35.355161512680944,31.875
assets,furniture,61,0,1,U,85.66831179410524,31.875
assets,furniture,62,0,1,U,35.31409254966596,31.875
assets,furniture,63,0,1,U,90.54898704365277,31.875
assets,furniture,64,0,1,U,44.643987306302016,31.875
assets,furniture,65,0,1,U,46.02996283827043,31.875
assets,furniture,66,0,1,U,43.21591559003387,31.875
assets,furniture,67,0,1,U,69.49448962742171,31.875
assets,furniture,68,0,1,U,34.32307034533783,31.875
assets,furniture,69,0,1,U,21.299986085497203,31.875
assets,furniture,70,0,1,U,51.237935826247075,31.875
assets,furniture,71,0,1,U,28.139310209390423,31.875
assets,furniture,72,0,1,U,30.76109681130244,31.875
assets,furniture,73,0,1,U,24.807929489737646,31.875
assets,furniture,74,0,1,U,45.674152131559104,31.875
assets,furniture,75,0,1,U,45.33580776481146,31.875
assets,furniture,76,0,1,U,26.080868273181093,31.875
assets,furniture,77,0,1,U,24.604820819931064,10.192307692307692
assets,furniture,78,0,1,U,15.247719571621644,12.75
assets,furniture,79,0,1,U,45.50158258697007,31.875
assets,furniture,80,0,1,U,26.05042278869226,31.875
assets,furniture,81,0,1,U,42.38936997931171,31.875
assets,furniture,82,0,1,U,22.442820708567723,31.875
assets,furniture,83,0,1,U,36.501159058876915,31.875
assets,furniture,84,0,1,U,23.30337355896221,31.875
assets,furniture,85,0,1,U,68.17445240023935,31.875
assets,furniture,86,0,1,U,22.933046468235954,31.875
assets,furniture,87,0,1,U,43.27931681700672,31.875
assets,furniture,88,0,1,U,79.32909152945788,31.875
assets,furniture,89,0,1,U,41.92137860177318,31.875
assets,furniture,90,0,1,U,22.484600171829662,31.875
assets,furniture,91,0,1,U,47.79688506764352,31.875
assets,furniture,92,0,1,U,46.513557525494306,31.875
assets,furniture,93,0,1,U,28.309714684455574,31.875
assets,furniture,94,0,1,U,23.41791752575808,31.875
assets,furniture,95,0,1,U,22.599277253856023,31.875
assets,furniture,96,0,1,U,49.962358363597,31.875
assets,furniture,97,0,1,U,39.82052201133244,31.875
assets,furniture,98,0,1,U,41.764838002763305,31.875
assets,furniture,99,0,1,U,88.45258599158474,31.875
assets,furniture,100,0,1,U,95.52302583785782,31.875
assets,furniture,101,0,1,U,30.738861095577086,31.875
assets,furniture,102,0,1,U,88.46813712302601,31.875
assets,furniture,103,0,1,U,92.32460062209388,31.875
assets,furniture,104,0,1,U,43.81351421337323,31.875
assets,furniture,105,0,1,U,42.08598555382436,31.875
assets,furniture,106,0,1,U,26.122805500479902,31.875
assets,furniture,107,0,1,U,44.69237156937335,31.875
assets,furniture,108,0,1,U,29.802047652943884,31.875
assets,furniture,109,0,1,U,58.24352357106935,31.875
assets,furniture,110,0,1,U,23.195067073849685,31.875
assets,furniture,111,0,1,U,61.238492740587695,31.875
assets,furniture,112,0,1,U,32.46032072414961,31.875
assets,furniture,113,0,1,U,24.32700136371113,31.875
assets,furniture,114,0,1,U,31.156006524408678,31.875
beers,evaluation,0,1,1,U,167.5390355588966,31.875
beers,evaluation,1,1,1,U,23.304199859480086,12.925925925925926
beers,evaluation,2,1,1,U,161.4074549746789,31.875
beers,evaluation,3,1,1,U,32.92289530741352,12.925925925925926
beers,evaluation,4,1,1,U,280.093651356158,31.875
beers,evaluation,5,1,1,U,82.45767482923691,31.875
beers,evaluation,6,1,1,U,89.58446524493078,31.875
beers,evaluation,7,1,1,U,138.1387595883,31.875
beers,evaluation,8,1,1,U,14.908595750276447,13.461538461538462
beers,evaluation,9,1,1,U,34.007006076822485,13.461538461538462
beers,evaluation,10,1,1,U,23.156489874039504,13.461538461538462
beers,evaluation,11,1,1,U,21.752039684758582,13.461538461538462
beers,evaluation,12,1,1,U,43.2638179109954,13.461538461538462
beers,evaluation,13,1,1,U,27.943535758452025,13.461538461538462
beers,evaluation,14,1,1,U,259.99542552938095,31.875
beers,evaluation,15,1,1,U,112.53377154357665,31.875
beers,evaluation,16,1,1,U,28.299229125016563,12.925925925925926
beers,evaluation,17,1,1,U,183.8608846265101,31.875
beers,evaluation,18,1,1,U,23.549695972826925,12.925925925925926
beers,evaluation,19,1,1,U,38.19614710382629,13.461538461538462
beers,evaluation,20,1,1,U,273.4731184509636,31.875
beers,evaluation,21,1,1,U,102.59389205344567,31.875
beers,evaluation,22,1,1,U,163.69139300132503,31.875
beers,evaluation,23,1,1,U,36.505337449817496,12.925925925925926
beers,evaluation,24,1,1,U,31.989620959566654,12.925925925925926
beers,evaluation,25,1,1,U,22.437122381198677,12.925925925925926
beers,evaluation,26,1,1,U,24.29713395097262,12.925925925925926
beers,evaluation,27,1,1,U,232.86147428572866,31.875
beers,evaluation,28,1,1,U,159.4852949510432,31.875
beers,evaluation,29,1,1,U,157.54441256052962,31.875
beers,evaluation,30,1,1,U,36.66144677350423,13.461538461538462
beers,evaluation,31,1,1,U,27.838051123232876,13.461538461538462
beers,evaluation,32,1,1,U,70.56806370035628,31.875
beers,evaluation,33,1,1,U,6.921930449875927,4.0625
beers,evaluation,34,1,1,U,141.05234093301345,31.875
beers,evaluation,35,1,1,U,73.95635882710266,31.875
beers,evaluation,36,1,1,U,51.99427732036261,12.925925925925926
beers,evaluation,37,1,1,U,27.687572669994143,13.461538461538462
beers,evaluation,38,1,1,U,23.17993852135814,12.925925925925926
beers,evaluation,39,1,1,U,25.98855115078531,12.925925925925926
beers,evaluation,40,1,1,U,13.653374358659418,12.925925925925926
beers,evaluation,41,1,1,U,192.5196830944787,31.875
beers,evaluation,42,1,1,U,21.620026765626655,12.925925925925926
beers,evaluation,43,1,1,U,121.0578546871741,31.875
beers,evaluation,44,1,1,U,26.504429662960614,13.461538461538462
beers,evaluation,45,1,1,U,301.354862522839,31.875
beers,evaluation,46,1,1,U,40.62940791456991,12.925925925925926
beers,evaluation,47,1,1,U,199.2561823006202,31.875
beers,evaluation,48,1,1,U,34.98153695445303,13.461538461538462
beers,evaluation,49,1,1,U,27.070549329591838,12.925925925925926
beers,evaluation,50,1,1,U,153.37202977320206,31.875
beers,evaluation,51,1,1,U,23.54641601711753,13.461538461538462
beers,evaluation,52,1,1,U,24.215210484932218,12.925925925925926
beers,evaluation,53,1,1,U,30.7671620788483,13.461538461538462
beers,evaluation,54,1,1,U,23.885604126019825,12.925925925925926
beers,evaluation,55,1,1,U,162.1638401296399,31.875
beers,evaluation,56,1,1,U,26.447354584413162,13.461538461538462
beers,evaluation,57,1,1,U,54.16751628041281,12.925925925925926
beers,evaluation,58,1,1,U,266.8627411553615,31.875
beers,evaluation,59,1,1,U,27.551777126366808,13.461538461538462
beers,evaluation,60,1,1,U,29.039408466920072,13.461538461538462
beers,evaluation,61,1,1,U,25.10692596969718,12.925925925925926
beers,evaluation,62,1,1,U,33.20052576259559,12.925925925925926
beers,evaluation,63,1,1,U,147.56848388068116,31.875
beers,evaluation,64,1,1,U,144.03661846295591,31.875
beers,evaluation,65,1,1,U,26.47895524160657,13.461538461538462
beers,evaluation,66,1,1,U,145.15026328824538,31.875
beers,evaluation,67,1,1,U,28.02740226719411,13.461538461538462
beers,evaluation,68,1,1,U,21.352655521581607,12.925925925925926
beers,evaluation,69,1,1,U,133.73173468702933,31.875
beers,evaluation,70,1,1,U,73.67758893740258,31.875
beers,evaluation,71,1,1,U,1.8389681925319534,4.0625
beers,evaluation,72,1,1,U,219.29064332554333,31.875
beers,evaluation,73,1,1,U,21.88136525658092,13.461538461538462
beers,evaluation,74,1,1,U,30.230116781842835,13.461538461538462
beers,evaluation,75,1,1,U,14.517995663606474,12.925925925925926
beers,evaluation,76,1,1,U,26.73141978965343,12.925925925925926
beers,evaluation,77,1,1,U,142.2021100913003,31.875
beers,evaluation,78,1,1,U,112.3007471528673,31.875
beers,evaluation,79,1,1,U,25.346469799241486,13.461538461538462
beers,evaluation,80,1,1,U,25.877362433972362,12.925925925925926
beers,evaluation,81,1,1,U,26.423411073654012,13.461538461538462
beers,evaluation,82,1,1,U,112.50527940176602,31.875
beers,evaluation,83,1,1,U,137.79614689591946,31.875
beers,evaluation,84,1,1,U,70.3578036210087,31.875
beers,evaluation,85,1,1,U,36.92804465330817,13.461538461538462
beers,evaluation,86,1,1,U,199.9881832480534,31.875
beers,evaluation,87,1,1,U,55.47176017914521,12.925925925925926
beers,evaluation,88,1,1,U,4.615878407828884,4.956521739130435
beers,evaluation,89,1,1,U,37.01825196703973,12.925925925925926
beers,evaluation,90,1,1,U,172.691592655437,31.875
beers,evaluation,91,1,1,U,17.754497022083335,13.461538461538462
beers,evaluation,92,1,1,U,119.41331671969321,31.875
beers,evaluation,93,1,1,U,200.89818700400886,31.875
beers,evaluation,94,1,1,U,26.718343160126885,13.461538461538462
beers,evaluation,95,1,1,U,19.546549303952347,13.461538461538462
beers,evaluation,96,1,1,U,42.18927327228466,13.461538461538462
beers,evaluation,97,1,1,U,94.6458619830321,31.875
beers,evaluation,98,1,1,U,123.7763341400934,31.875
beers,evaluation,99,1,1,U,133.41248402853674,31.875
beers,evaluation,100,1,1,U,4.860431834849821,4.0625
beers,evaluation,101,1,1,U,38.48725865931569,12.925925925925926
beers,evaluation,102,1,1,U,235.39591200884684,31.875
beers,evaluation,103,1,1,U,20.33394878602705,13.461538461538462
beers,evaluation,104,1,1,U,153.93192394094993,31.875
beers,evaluation,105,1,1,U,13.700800212951709,13.461538461538462
beers,evaluation,106,1,1,U,28.413133003263887,13.461538461538462
beers,evaluation,107,1,1,U,124.23153899464354,31.875
beers,evaluation,108,1,1,U,27.039166151182283,13.461538461538462
beers,evaluation,109,1,1,U,27.211218779592546,13.461538461538462
beers,evaluation,110,1,1,U,108.90158967204208,31.875
beers,evaluation,111,1,1,U,134.6841018808043,31.875
beers,evaluation,112,1,1,U,16.8596749762834,13.461538461538462
beers,evaluation,113,1,1,U,127.13213016751035,31.875
beers,evaluation,114,1,1,U,5.331014621185218,6.538461538461538
beers,evaluation,115,1,1,U,19.694980046735118,13.461538461538462
beers,evaluation,116,1,1,U,258.4744916222982,31.875
beers,evaluation,117,1,1,U,36.384409260454845,12.925925925925926
beers,evaluation,118,1,1,U,78.04574223430176,31.875
beers,evaluation,119,1,1,U,87.69204219958911,31.875
beers,evaluation,120,1,1,U,133.4976128772718,31.875
beers,evaluation,121,1,1,U,26.942740934455085,12.925925925925926
beers,evaluation,122,1,1,U,112.35332342254581,31.875
beers,evaluation,123,1,1,U,29.45639911898583,12.925925925925926
beers,evaluation,124,1,1,U,150.86841977756708,31.875
beers,evaluation,125,1,1,U,1.901088200057319,4.0625
beers,evaluation,126,1,1,U,13.713918457887033,13.461538461538462
beers,evaluation,127,1,1,U,24.57068576018715,12.925925925925926
beers,evaluation,128,1,1,U,15.280985229187015,12.925925925925926
beers,evaluation,129,1,1,U,29.874969901595144,13.461538461538462
beers,evaluation,130,1,1,U,12.658348228452086,12.925925925925926
beers,evaluation,131,1,1,U,77.35093184453974,31.875
beers,evaluation,132,1,1,U,110.01562729137359,31.875
beers,evaluation,133,1,1,U,28.32699017989671,13.461538461538462
beers,evaluation,134,1,1,U,72.71280324997164,31.875
beers,evaluation,135,1,1,U,29.439584289044664,13.461538461538462
beers,evaluation,136,1,1,U,28.410552250066097,13.461538461538462
beers,evaluation,137,1,1,U,7.107779838401966,6.538461538461538
beers,evaluation,138,1,1,U,19.25743142573429,12.925925925925926
beers,evaluation,139,1,1,U,146.8220869979783,31.875
beers,evaluation,140,1,1,U,22.501158873896717,12.925925925925926
beers,evaluation,141,1,1,U,141.1185701362267,31.875
beers,evaluation,142,1,1,U,24.45828852084448,13.461538461538462
beers,evaluation,143,1,1,U,122.46435171297122,31.875
beers,evaluation,144,1,1,U,83.9964713140749,31.875
beers,evaluation,145,1,1,U,194.19554862301516,31.875
beers,evaluation,146,1,1,U,25.680882088352064,13.461538461538462
beers,evaluation,147,1,1,U,24.768719718014875,13.461538461538462
beers,evaluation,148,1,1,U,25.570482986309987,12.925925925925926
beers,evaluation,149,1,1,U,73.19477466683968,31.875
beers,evaluation,150,1,1,U,45.88137322462374,13.461538461538462
beers,evaluation,151,1,1,U,125.44045679902992,31.875
beers,evaluation,152,1,1,U,14.153997161680094,13.461538461538462
beers,evaluation,153,1,1,U,35.49031756496091,12.925925925925926
beers,evaluation,154,1,1,U,28.112895080278612,13.461538461538462
beers,evaluation,155,1,1,U,24.687553176764144,13.461538461538462
beers,evaluation,156,1,1,U,144.7150108396911,31.875
beers,evaluation,157,1,1,U,106.56166226538319,31.875
beers,evaluation,158,1,1,U,121.98332083658575,31.875
beers,evaluation,159,1,1,U,160.3873980725326,31.875
beers,evaluation,160,1,1,U,28.165870084065716,13.461538461538462
beers,evaluation,161,1,1,U,140.65084870464523,31.875
beers,evaluation,162,1,1,U,13.708255031409335,13.461538461538462
beers,evaluation,163,1,1,U,260.6938653790213,31.875
beers,evaluation,164,1,1,U,222.627406627351,31.875
beers,evaluation,165,1,1,U,135.5997441963617,31.875
beers,evaluation,166,1,1,U,130.51750671884045,31.875
beers,evaluation,167,1,1,U,22.797710967295497,12.925925925925926
beers,evaluation,168,1,1,U,23.775321414027996,12.925925925925926
beers,evaluation,169,1,1,U,34.745566174710746,12.925925925925926
beers,evaluation,170,1,1,U,117.55285459067088,31.875
beers,evaluation,171,1,1,U,132.4538789675367,31.875
beers,evaluation,172,1,1,U,64.70550997522288,31.875
beers,evaluation,173,1,1,U,47.970829819608824,12.925925925925926
beers,evaluation,174,1,1,U,13.225551317060276,12.925925925925926
beers,evaluation,175,1,1,U,121.19960607810219,31.875
beers,evaluation,176,1,1,U,25.399696377496383,12.925925925925926
beers,evaluation,177,1,1,U,3.714779064906952,4.0625
beers,evaluation,178,1,1,U,27.725859764295787,13.461538461538462
beers,evaluation,179,1,1,U,27.192405661724415,13.461538461538462
beers,evaluation,180,1,1,U,48.22845828372943,12.925925925925926
beers,evaluation,181,1,1,U,7.185475553024545,6.538461538461538
beers,evaluation,182,1,1,U,3.827962221782611,6.538461538461538
beers,evaluation,183,1,1,U,24.14741052062991,13.461538461538462
beers,evaluation,184,1,1,U,221.4238214134769,31.875
beers,evaluation,185,1,1,U,134.33221366626626,31.875
beers,evaluation,186,1,1,U,33.9886537574544,12.925925925925926
beers,evaluation,187,1,1,U,13.552892316913963,12.925925925925926
beers,evaluation,188,1,1,U,13.833465581219903,12.925925925925926
beers,evaluation,189,1,1,U,12.495974873445977,12.925925925925926
beers,evaluation,190,1,1,U,238.95519051098452,31.875
beers,evaluation,191,1,1,U,46.3116250309241,12.925925925925926
beers,evaluation,192,1,1,U,28.123261972035554,12.925925925925926
beers,evaluation,193,1,1,U,27.316385409903006,13.461538461538462
beers,evaluation,194,1,1,U,209.08037719218882,31.875
beers,evaluation,195,1,1,U,26.80554342761489,13.461538461538462
beers,evaluation,196,1,1,U,40.94676178260865,12.925925925925926
beers,evaluation,197,1,1,U,35.32830684236255,13.461538461538462
beers,evaluation,198,1,1,U,21.406636310447723,12.925925925925926
beers,evaluation,199,1,1,U,0.822242084008469,4.0625
beers,evaluation,200,1,1,U,118.25229480228899,31.875
beers,evaluation,201,1,1,U,125.72441272986082,31.875
beers,evaluation,202,1,1,U,130.24320065744982,31.875
beers,evaluation,203,1,1,U,7.458393020853433,6.538461538461538
beers,evaluation,204,1,1,U,24.087352692597317,12.925925925925926
beers,evaluation,205,1,1,U,25.599181243477293,12.925925925925926
beers,evaluation,206,1,1,U,23.35434305620568,13.461538461538462
beers,evaluation,207,1,1,U,13.671642697740504,12.925925925925926
beers,evaluation,208,1,1,U,13.970857828125908,13.461538461538462
beers,evaluation,209,1,1,U,35.05693959336445,12.925925925925926
beers,evaluation,210,1,1,U,28.01246971883758,12.925925925925926
beers,evaluation,211,1,1,U,80.69835433364034,31.875
beers,evaluation,212,1,1,U,24.768922585174952,12.925925925925926
beers,evaluation,213,1,1,U,58.63249323451426,13.461538461538462
beers,evaluation,214,1,1,U,27.90032841671173,12.925925925925926
beers,evaluation,215,1,1,U,26.111969851773743,12.925925925925926
beers,evaluation,216,1,1,U,75.68755981363645,31.875
beers,evaluation,217,1,1,U,38.73142720353583,13.461538461538462
beers,evaluation,218,1,1,U,23.060146655709172,12.925925925925926
beers,evaluation,219,1,1,U,33.61673594268959,12.925925925925926
beers,evaluation,220,1,1,U,30.38164391257936,12.925925925925926
beers,evaluation,221,1,1,U,25.72509565244476,13.461538461538462
beers,evaluation,222,1,1,U,79.98970505842804,31.875
beers,evaluation,223,1,1,U,24.40516998071644,13.461538461538462
beers,evaluation,224,1,1,U,22.214684402526178,13.461538461538462
beers,evaluation,225,1,1,U,143.36775920654662,31.875
beers,evaluation,226,1,1,U,12.500492739810232,12.925925925925926
beers,evaluation,227,1,1,U,316.70379954465636,31.875
beers,evaluation,228,1,1,U,112.8095241859235,31.875
beers,evaluation,229,1,1,U,25.370327795692035,13.461538461538462
beers,evaluation,230,1,1,U,27.40851412399829,13.461538461538462
beers,evaluation,231,1,1,U,137.92545333957275,31.875
beers,evaluation,232,1,1,U,144.86245850588634,31.875
beers,evaluation,233,1,1,U,33.264521713183456,12.925925925925926
beers,evaluation,234,1,1,U,149.16653261962142,31.875
beers,evaluation,235,1,1,U,152.91219750038218,31.875
beers,evaluation,236,1,1,U,98.27903834614376,31.875
beers,evaluation,237,1,1,U,251.45352931576545,31.875
beers,evaluation,238,1,1,U,14.977586604512608,13.461538461538462
beers,evaluation,239,1,1,U,129.54792077523237,31.875
beers,evaluation,240,1,1,U,13.17281412551829,13.461538461538462
beers,evaluation,241,1,1,U,55.1317635389769,13.461538461538462
flights,all,0,0,1,U,10.91151101426554,10.76923076923077
flights,all,1,0,1,U,6.242353130208232,12.637931034482758
flights,all,2,0,1,U,12.472802821451813,13.257142857142858
flights,all,3,0,1,U,18.5090685041462,12.869565217391305
flights,all,4,0,1,U,10.481220360728514,15.625
flights,all,5,0,1,U,1.2915553775007735,4.155737704918033
flights,all,6,0,1,U,19.96846850606942,15.741379310344827
flights,all,7,0,1,U,11.462644651295445,11.013333333333334
flights,all,8,0,1,U,15.254722208500564,9.785714285714286
flights,all,9,0,1,U,7.219569977196354,9.568965517241379
hospital,evaluation,0,0,1,U,2.9529885439117973,5.134615384615385
hospital,evaluation,1,0,1,U,3.8831994870340925,3.311688311688312
hospital,evaluation,2,0,1,U,3.0733806052037935,5.60377358490566
hospital,evaluation,3,0,1,U,9.242319110121755,8.11111111111111
hospital,evaluation,4,0,1,U,1.5542001540416066,3.010989010989011
hospital,evaluation,5,0,1,U,2.1144104606107206,2.6377952755905514
hospital,evaluation,6,0,1,U,4.091287689254573,4.5394736842105265
hospital,evaluation,7,0,1,U,1.695291336104922,3.7176470588235295
hospital,evaluation,8,0,1,U,3.910792670960879,3.7176470588235295
hospital,evaluation,9,0,1,U,4.789972240027563,3.5
hospital,evaluation,10,0,1,U,13.396071501820941,8.117647058823529
hospital,evaluation,11,0,1,U,6.545947445999827,5.94
hospital,evaluation,12,0,1,U,9.455515522613801,7.717948717948718
hospital,evaluation,13,0,1,U,3.3477078712840913,3.7176470588235295
hospital,evaluation,14,0,1,U,1.7617428450546833,1.728395061728395
hospital,evaluation,15,0,1,U,9.482480261045417,11.12
hospital,evaluation,16,0,1,U,14.774123342365097,5.933333333333334
hospital,evaluation,17,0,1,U,3.901806086622531,5.428571428571429
hospital,evaluation,18,0,1,U,3.7505413824050025,3.4148936170212765
hospital,evaluation,19,0,1,U,7.431657108658778,3.95
hospital,evaluation,20,0,1,U,2.810648308515532,4.105263157894737
hospital,evaluation,21,0,1,U,7.851424040831858,5.134615384615385
hospital,evaluation,22,0,1,U,2.1845238730276173,3.4148936170212765
hospital,evaluation,23,0,1,U,5.752140887018937,5.134615384615385
hospital,evaluation,24,0,1,U,7.522995561878992,5.037735849056604
hospital,evaluation,25,0,1,U,8.910663267877492,4.907407407407407
hospital,evaluation,26,0,1,U,2.2220456445436474,1.728395061728395
hospital,evaluation,27,0,1,U,10.648078593502149,7.875
hospital,evaluation,28,0,1,U,4.347320288428208,4.573529411764706
hospital,evaluation,29,0,1,U,4.184104234840938,5.104477611940299
hospital,evaluation,30,0,1,U,3.722713115206817,3.3736263736263736
hospital,evaluation,31,0,1,U,5.622523214028607,2.5728155339805827
hospital,evaluation,32,0,1,U,7.5562908394380655,3.95
hospital,evaluation,33,0,1,U,2.155854549631764,3.761904761904762
hospital,evaluation,34,0,1,U,3.771753075495547,3.7176470588235295
hospital,evaluation,35,0,1,U,8.361679630107629,4.797297297297297
hospital,evaluation,36,0,1,U,8.64738648551244,6.9523809523809526
hospital,evaluation,37,0,1,U,2.5020696958876316,5.202702702702703
hospital,evaluation,38,0,1,U,1.4366763173528296,3.3666666666666667
hospital,evaluation,39,0,1,U,1.5909125757529619,3.590909090909091
hospital,evaluation,40,0,1,U,1.5186564590295308,3.010989010989011
hospital,evaluation,41,0,1,U,3.829148355762755,3.6805555555555554
hospital,evaluation,42,0,1,U,2.139886002045549,4.148648648648648
hospital,evaluation,43,0,1,U,8.804342489923886,4.573529411764706
hospital,evaluation,44,0,1,U,5.463584094547181,4.45
hospital,evaluation,45,0,1,U,3.747678973762606,3.8450704225352115
hospital,evaluation,46,0,1,U,3.8995164547264567,6.396551724137931
hospital,evaluation,47,0,1,U,7.190130476572612,6.309523809523809
hospital,evaluation,48,0,1,U,4.649891131049007,3.211764705882353
hospital,evaluation,49,0,1,U,12.398486176166365,5.60377358490566
hospital,evaluation,50,0,1,U,1.7631699820449533,3.761904761904762
hospital,evaluation,51,0,1,U,6.414164035488385,5.94
hospital,evaluation,52,0,1,U,1.9644854617199852,3.231707317073171
hospital,evaluation,53,0,1,U,8.270433682625061,7.5576923076923075
hospital,evaluation,54,0,1,U,1.6628720582148617,3.7176470588235295
hospital,evaluation,55,0,1,U,2.790005085370168,2.548076923076923
hospital,evaluation,56,0,1,U,9.837001952009187,4.337837837837838
hospital,evaluation,57,0,1,U,5.458249843145834,4.7846153846153845
hospital,evaluation,58,0,1,U,3.473578976815223,3.7176470588235295
hospital,evaluation,59,0,1,U,13.774257340112323,5.94
hospital,evaluation,60,0,1,U,7.989603223935204,9.0
hospital,evaluation,61,0,1,U,2.1520848351214137,2.707070707070707
hospital,evaluation,62,0,1,U,6.816004215428079,7.2272727272727275
hospital,evaluation,63,0,1,U,5.167427241337523,4.573529411764706
hospital,evaluation,64,0,1,U,3.3494611641348393,4.235294117647059
hospital,evaluation,65,0,1,U,3.2902659193066124,3.211764705882353
hospital,evaluation,66,0,1,U,6.394108997191587,3.9320388349514563
hospital,evaluation,67,0,1,U,7.02536420361475,5.933333333333334
hospital,evaluation,68,0,1,U,2.0910042268028137,4.56
hospital,evaluation,69,0,1,U,5.3341314185296635,4.916666666666667
hospital,evaluation,70,0,1,U,5.223656547957764,3.1271186440677967
hospital,evaluation,71,0,1,U,5.576880783138214,4.45
hospital,evaluation,72,0,1,U,3.3852752861278814,3.445945945945946
hospital,evaluation,73,0,1,U,1.6425896045052932,3.1744186046511627
hospital,evaluation,74,0,1,U,2.898242033851516,3.248062015503876
hospital,evaluation,75,0,1,U,3.271119262019437,3.4556962025316458
hospital,evaluation,76,0,1,U,8.066330017292966,3.7176470588235295
hospital,evaluation,77,0,1,U,8.662592862894313,9.0
hospital,evaluation,78,0,1,U,1.9639901381673175,4.337837837837838
hospital,evaluation,79,0,1,U,4.1237577396247715,6.7105263157894735
hospital,evaluation,80,0,1,U,2.5633337053783136,2.548076923076923
hospital,evaluation,81,0,1,U,3.25942799165113,2.6019417475728157
hospital,evaluation,82,0,1,U,2.8829302843562283,2.972972972972973
hospital,evaluation,83,0,1,U,18.08962785345866,8.11111111111111
hospital,evaluation,84,0,1,U,19.354086666207102,11.041666666666666
hospital,evaluation,85,0,1,U,2.064470830879065,2.1746031746031744
hospital,evaluation,86,0,1,U,16.02635746219192,6.619047619047619
hospital,evaluation,87,0,1,U,3.377879346482986,3.9012345679012346
hospital,evaluation,88,0,1,U,1.439169629948497,2.6377952755905514
hospital,evaluation,89,0,1,U,11.33659931573066,6.0
hospital,evaluation,90,0,1,U,7.496813329295735,4.425
hospital,evaluation,91,0,1,U,5.056869053572434,3.533333333333333
hospital,evaluation,92,0,1,U,7.18443627301413,5.037735849056604
hospital,evaluation,93,0,1,U,5.275979972092986,3.3666666666666667
hospital,evaluation,94,0,1,U,15.63879570278292,5.930232558139535
hospital,evaluation,95,0,1,U,8.375535316274037,8.11111111111111
hospital,evaluation,96,0,1,U,3.768344722197387,3.6301369863013697
hospital,evaluation,97,0,1,U,20.99119131604077,18.866666666666667
hospital,evaluation,98,0,1,U,3.8773752601108447,3.5
hospital,evaluation,99,0,1,U,1.5688190177688623,3.3666666666666667
