dataset,size,method,tasks,complete_tasks,mean_task_median_ms,mean_task_median_states,mean_worst_cost
assets,4,dominance,290,290,0.2138227595674709,4.327586206896552,4
assets,4,identity,290,290,0.5020065492035115,15.00344827586207,4
assets,4,residual,290,290,0.21832413802822603,4.337931034482758,4
assets,4,static,290,290,0.14101620623039018,4.303448275862069,4
assets,8,dominance,145,145,0.353462069199003,9.13103448275862,8
assets,8,identity,145,145,12.409793793882146,256.33103448275864,8
assets,8,residual,145,145,0.368048964822986,9.10344827586207,8
assets,8,static,145,145,0.2543593090477175,9.648275862068965,8
flights,4,dominance,20,20,0.6441450008423999,11.45,3.9
flights,4,identity,20,20,0.7459249958628789,18,3.9
flights,4,residual,20,20,0.6908100040163845,11.9,3.9
flights,4,static,20,20,0.44744000188075006,11.65,3.9
flights,8,dominance,10,10,2.549379999982193,54.3,7.1
flights,8,identity,10,10,28.52638999465853,562.2,7.1
flights,8,residual,10,10,3.68027999647893,68.3,7.1
flights,8,static,10,10,5.727889988338575,162.9,7.1
